-- Active: 1677846329098@@127.0.0.1@5432@demo


INSERT INTO salesmen(SID, SNAME, CITY, SALARY, PRODUCT, TGTTOGET, COMM) VALUES ('S101', 'Ajay Patel', 'AHMEDABAD', 1500, 'APPLE', 253,1200),('S102', 'CHINTAN SHAH', 'BARODA', 1200,'SAMSUNG', 22,1500);
INSERT INTO salesmen(SID, SNAME, CITY, SALARY, PRODUCT, TGTTOGET, COMM) VALUES('S103','VINAY MEHRA','PUNE',2000,'MOTO',1232,1200),('S104','JAY PANDAY', 'SURAT', 2500,'REALME', 122,800),('S105','JIMIT DAVE', 'MUMBAI', 2530,'README', 213,300),('S106',  'MANAN GANDHI', 'AHMEDABAD', 3000, 'MI', 1223,1200);

SELECT * FROM salesmen;
DELETE FROM salesmen;


INSERT INTO customers(CID,CNAME, CITY, STATE, PINCODE, PRODUCT, CLASS) VALUES ('C301', 'NIRAV PATEL','NADIAD', 'GUJARAT',387001, 'APPLE', 'B'), ('C302', 'KIRAN DAVE', 'DELHI', 'DELHI', 356520, 'SAMSUNG', 'A'), ('C303', 'SAPAN SHAH', 'BANGALORE', 'KARNATAKA', 616510, 'REALME', 'B'), ('C304', 'SAURABH MEHTA', 'BARODA', 'GUJARAT', 38200, 'MI', 'C'), ('C305', 'SMRITI MISHRA', 'AHMEDABAD', 'GUJARAT', 356600, 'VIVO', 'B'), ('C306', 'HARSHAL PANDYA', 'MUMBAI', 'MAHARASHTRA', 12500,'OPPO', 'A'), ('C307', 'SUNIL GANDHI', 'BARODA', 'GUJARAT', 235500, 'APPLE', 'B'), ('C308', 'BIMAL THAKKAR', 'SURAT', 'GUJARAT', 152054, 'SAMSUNG', 'C');

SELECT * FROM CUSTOMERS;
DELETE FROM customers;


INSERT INTO orders(OID,CID,SID,PRODUCT,QTY, ODATE, O_AMT) VALUES('O501', 'C302', 'S102', 'APPLE',150,'02-JAN-09', 700000),('O502', 'C301', 'S105', 'SAMSUNG', 1502, '21-JAN-09', 10000), ('O503', 'C308', 'S103', 'APLLE', 120, '10-FEB-09', 250000), ('O504', 'C306', 'S104', 'MOTO', 123, '14-FEB-09', 400000),('O505', 'C306', 'S102','APPLE', 1521, '29-MAR-09', 100000), ('O506', 'C303', 'S101','SAMSUNG', 153, '15-APR-09', 90000.50), ('O507', 'C304', 'S105','MOTO', 154, '24-JUN-09', 7500.75), ('O508', 'C306', 'S101','REALME', 1556, '27-SEP-09', 900000), ('O509', 'C302', 'S102','README', 445, '21-DEC-09', 205000), ('O510', 'C307', 'S102','APPLE', 155, '30-DEC-09', 27800), ('O511', 'C303', 'S104', 'REALME', 455, '31-DEC-09', 15000);

DELETE FROM orders;

SELECT * FROM orders;
